player,model,n,AIC,parameters
"Abbott, Andrew",Normal,1275,3200.2866737193435,"[92.40345098039215, 0.8474759829722168]"
"Abbott, Andrew",t,1275,3197.2209040388216,"[19.330254549213105, 92.41697230247311, 0.8026336104077263]"
"Abbott, Andrew",Weibull,1275,3244.3020462826316,"[120.00115755349765, 0.0, 92.8101649396538]"
"Bibee, Tanner",Normal,696,1877.2809175535622,"[93.97974137931034, 0.9294235278035947]"
"Bibee, Tanner",t,696,1878.810715266638,"[47.95129673523183, 93.98301710257508, 0.9098366278578143]"
"Bibee, Tanner",Weibull,696,1943.718605124236,"[106.30794327068534, 0.0, 94.43308501798941]"
"Yamamoto, Yoshinobu",Normal,715,1970.0444723948303,"[96.08825174825175, 0.9568752428238029]"
"Yamamoto, Yoshinobu",t,715,1970.4918723711824,"[31.267707352974508, 96.09715460535013, 0.9255195345630777]"
"Yamamoto, Yoshinobu",Weibull,715,1995.868279456778,"[110.74365898751147, 0.0, 96.54870262630617]"
