"player","model","n","AIC","t_df"
"Andrew Abbott","Normal",1275,3200.28667371934,NA
"Andrew Abbott","t",1275,3197.22090405194,19.3300464397259
"Andrew Abbott","Weibull",1275,3244.302062273,NA
"Tanner Bibee","Normal",696,1877.28091755356,NA
"Tanner Bibee","t",696,1878.81071527194,47.9543079097203
"Tanner Bibee","Weibull",696,1943.71860787058,NA
"Yoshinobu Yamamoto","Normal",715,1970.04447239483,NA
"Yoshinobu Yamamoto","t",715,1970.49187238072,31.2687881402961
"Yoshinobu Yamamoto","Weibull",715,1995.8682803475,NA
